graph_name,size,states,memory_mb,hk_time_seconds,hk_min_cost,bf_time_seconds,bf_min_cost,costs_match,speedup,path_length,success,error
Checker16_adjacency,16,65536,8.0,0.9463146000052802,16.0,,,,,17,True,
Checker4_adjacency,4,16,0.00048828125,5.050003528594971e-05,4.0,2.719997428357601e-05,4,True,0.538612975804072,5,True,
Checker8_adjacency,8,256,0.015625,0.0011724000214599073,8.0,0.002738600014708936,8,True,2.3358921567561475,9,True,
K16_adjacency,16,65536,8.0,2.2801240000408143,16.0,,,,,17,True,
K4_adjacency,4,16,0.00048828125,5.289999535307288e-05,4.0,2.1099986042827368e-05,4,True,0.3988655556961538,5,True,
K8_adjacency,8,256,0.015625,0.002311499963980168,8.0,0.011407400015741587,8,True,4.935063895090529,9,True,
Lattice16_adjacency,16,65536,8.0,1.0413674000301398,16.0,,,,,17,True,
Lattice4_adjacency,4,16,0.00048828125,4.539999645203352e-05,4.0,2.0099978428333998e-05,4,True,0.44273083698520194,5,True,
Lattice8_adjacency,8,256,0.015625,0.001367799995932728,8.0,0.0023180999560281634,8,True,1.6947652894584257,9,True,
